{
  "metrics": {
    "n": 200,
    "brier": 0.25741348020294913,
    "logloss": 0.7087890260938405,
    "pearson": 0.06861315983660783,
    "pearson_p": 0.334348138103755,
    "rmse": 0.5073593206032083,
    "mae": 0.49094564094893356,
    "auc": 0.5280497756017952,
    "mean_pred": 0.49758794190984335,
    "mean_outcome": 0.43,
    "ece": 0.09964613032710798
  },
  "backtest": {
    "metrics": {
      "n": 200,
      "brier": 0.25741348020294913,
      "logloss": 0.7087890260938405,
      "pearson": 0.06861315983660782,
      "pearson_p": 0.334348138103755,
      "rmse": 0.5073593206032083,
      "mae": 0.49094564094893356,
      "auc": 0.5280497756017952,
      "mean_pred": 0.49758794190984335,
      "mean_outcome": 0.43,
      "ece": 0.09964613032710799
    },
    "ev_summary": {
      "n": 200,
      "total_ev": -0.9648232360626599,
      "roi_per_bet": -0.004824116180313299
    },
    "kelly_median": 0.0,
    "ev_bootstrap_median": -0.004642196597154242,
    "ev_bootstrap_lo": -0.03921042839507411,
    "ev_bootstrap_hi": 0.03392711969550215
  }
}