{
  "n": 30,
  "brier": 0.2528536404893268,
  "logloss": 0.6988596116862331,
  "pearson": 0.11765765902275788,
  "pearson_p": 0.5357772772461719,
  "rmse": 0.5028455433722435,
  "mae": 0.5022298298234789,
  "auc": 0.5316742081447964,
  "mean_pred": 0.5236769596152129,
  "mean_outcome": 0.43333333333333335,
  "ece": 0.14784774296030814
}